"","age","treatment","gender","smoke_history","cell_type","cdp","time","death"
"1",40,1,"female","smoker","adeno",5,8,1
"2",47,0,"male","non-smoker","smallcell",3,38,1
"3",71,1,"male","smoker","squamous",4,24,1
"4",76,1,"female","smoker","squamous",6,1,0
"5",58,0,"male","smoker","large",5,38,1
"6",61,1,"female","smoker","squamous",4,68,0
"7",58,1,"female","smoker","squamous",3,57,1
"8",51,0,"female","smoker","smallcell",4,18,0
"9",65,0,"female","smoker","squamous",2,14,1
"10",51,0,"female","smoker","smallcell",1,63,1
"11",48,0,"male","smoker","large",3,120,0
"12",75,0,"male","smoker","large",6,2,1
"13",53,1,"female","smoker","smallcell",3,119,0
"14",64,0,"female","non-smoker","smallcell",3,4,0
"15",53,1,"male","smoker","large",5,32,0
"16",62,0,"female","smoker","large",2,71,1
"17",68,1,"female","non-smoker","squamous",4,52,0
"18",60,1,"male","smoker","smallcell",4,62,1
"19",64,0,"male","smoker","smallcell",7,83,0
"20",61,0,"male","smoker","squamous",1,20,1
"21",49,1,"female","smoker","adeno",4,31,1
"22",62,1,"male","non-smoker","large",3,42,1
"23",64,0,"female","non-smoker","adeno",2,26,1
"24",50,0,"female","smoker","adeno",7,12,1
"25",62,0,"female","non-smoker","smallcell",5,45,1
"26",66,0,"male","smoker","smallcell",3,12,1
"27",48,0,"female","smoker","squamous",4,13,0
"28",66,1,"female","smoker","smallcell",8,120,0
"29",61,0,"female","smoker","smallcell",4,7,1
"30",45,1,"male","smoker","large",3,96,1
"31",58,1,"female","non-smoker","squamous",6,53,1
"32",61,0,"male","smoker","adeno",2,7,1
"33",66,0,"female","smoker","squamous",3,26,1
"34",68,1,"male","smoker","smallcell",4,4,0
"35",59,1,"male","smoker","large",4,110,0
"36",59,0,"male","smoker","squamous",1,11,1
"37",61,1,"male","smoker","squamous",6,95,1
"38",65,1,"female","smoker","large",0,102,1
"39",69,1,"female","smoker","adeno",3,30,1
"40",79,1,"female","smoker","smallcell",2,59,1
"41",73,1,"female","smoker","squamous",0,120,0
"42",50,1,"male","smoker","smallcell",3,51,1
"43",85,0,"female","smoker","squamous",4,6,1
"44",40,1,"male","smoker","large",5,6,1
"45",67,0,"male","non-smoker","squamous",5,9,0
"46",53,1,"female","non-smoker","large",4,102,0
"47",54,0,"male","non-smoker","squamous",4,3,0
"48",76,1,"male","non-smoker","smallcell",7,29,1
"49",73,0,"female","smoker","smallcell",1,19,0
"50",66,1,"female","smoker","adeno",2,7,1
"51",73,1,"female","smoker","adeno",3,11,1
"52",56,0,"female","non-smoker","smallcell",4,20,1
"53",52,0,"male","smoker","adeno",4,42,1
"54",56,1,"male","smoker","adeno",2,66,1
"55",72,0,"female","smoker","large",4,3,1
"56",60,1,"female","non-smoker","large",1,8,0
"57",43,1,"female","smoker","squamous",6,3,1
"58",64,1,"female","smoker","squamous",4,120,0
"59",54,0,"female","smoker","smallcell",3,64,1
"60",53,0,"male","smoker","large",5,29,1
"61",64,0,"male","non-smoker","adeno",7,19,1
"62",85,0,"female","smoker","adeno",4,8,1
"63",67,1,"male","smoker","smallcell",4,120,0
"64",62,0,"male","smoker","adeno",7,23,1
"65",68,1,"male","non-smoker","smallcell",4,56,1
"66",61,1,"male","smoker","squamous",4,56,1
"67",72,0,"female","smoker","squamous",3,43,1
"68",46,0,"male","smoker","squamous",2,19,1
"69",68,1,"male","smoker","squamous",4,9,1
"70",69,0,"male","non-smoker","large",1,93,1
"71",50,1,"female","smoker","squamous",3,14,1
"72",65,1,"male","smoker","smallcell",2,83,0
"73",67,1,"male","smoker","squamous",6,75,0
"74",67,0,"female","smoker","smallcell",4,42,0
"75",73,1,"female","non-smoker","smallcell",3,88,0
"76",58,1,"female","smoker","large",1,120,0
"77",52,0,"female","non-smoker","adeno",3,2,0
"78",63,1,"male","smoker","smallcell",1,18,1
"79",65,1,"female","non-smoker","large",4,3,0
"80",65,0,"female","non-smoker","adeno",6,31,1
"81",61,0,"female","smoker","smallcell",4,75,1
"82",58,0,"female","smoker","smallcell",5,13,1
"83",52,0,"female","smoker","adeno",3,3,1
"84",72,1,"female","smoker","adeno",6,26,1
"85",58,1,"female","non-smoker","smallcell",5,22,1
"86",67,0,"male","non-smoker","smallcell",3,72,0
"87",59,0,"female","smoker","adeno",3,18,1
"88",81,1,"male","smoker","squamous",3,24,1
"89",60,1,"male","smoker","adeno",3,1,1
"90",64,0,"female","smoker","smallcell",5,23,1
"91",62,0,"male","smoker","squamous",4,0,1
"92",67,0,"male","smoker","squamous",4,8,1
"93",59,0,"female","smoker","smallcell",5,5,0
"94",70,0,"male","smoker","large",4,10,1
"95",56,1,"female","smoker","smallcell",2,120,0
"96",45,1,"male","non-smoker","smallcell",7,32,0
"97",45,0,"male","smoker","smallcell",3,16,1
"98",55,1,"female","non-smoker","smallcell",6,88,1
"99",59,0,"female","smoker","large",3,3,1
"100",53,0,"male","non-smoker","adeno",2,32,0
"101",58,0,"male","smoker","smallcell",1,28,1
"102",73,0,"female","smoker","smallcell",2,30,1
"103",46,0,"male","non-smoker","smallcell",7,88,1
"104",54,1,"female","smoker","smallcell",1,73,1
"105",65,0,"male","smoker","adeno",4,15,1
"106",51,0,"male","smoker","large",3,31,1
"107",66,0,"female","non-smoker","adeno",2,21,1
"108",54,0,"female","non-smoker","squamous",4,9,1
"109",70,0,"male","smoker","large",6,6,1
"110",71,1,"female","smoker","adeno",4,9,1
"111",50,0,"female","smoker","squamous",2,95,1
"112",47,0,"male","non-smoker","large",4,120,0
"113",68,1,"female","smoker","squamous",7,32,1
"114",68,1,"female","smoker","smallcell",2,95,1
"115",58,0,"female","non-smoker","smallcell",3,6,0
"116",50,1,"male","smoker","smallcell",7,31,1
"117",50,0,"female","smoker","smallcell",7,86,1
"118",58,1,"male","smoker","large",5,37,1
"119",75,1,"female","smoker","smallcell",5,25,1
"120",59,0,"male","non-smoker","adeno",1,13,1
"121",65,0,"female","smoker","adeno",6,2,1
"122",59,1,"male","smoker","adeno",5,28,1
"123",48,1,"male","smoker","adeno",8,2,1
"124",59,1,"male","non-smoker","large",2,64,0
"125",65,0,"female","smoker","smallcell",6,20,1
"126",67,0,"female","smoker","large",4,9,1
"127",49,1,"male","smoker","adeno",2,26,1
"128",76,1,"female","non-smoker","smallcell",6,4,1
"129",73,1,"female","smoker","large",3,22,1
"130",76,0,"female","smoker","adeno",5,8,1
"131",70,1,"male","smoker","squamous",4,76,1
"132",84,0,"female","non-smoker","smallcell",7,38,0
"133",66,0,"male","non-smoker","smallcell",7,4,1
"134",54,1,"female","smoker","squamous",6,56,1
"135",52,0,"male","non-smoker","adeno",5,1,1
"136",71,0,"female","non-smoker","smallcell",1,0,1
"137",64,1,"female","smoker","large",2,120,0
"138",86,0,"female","non-smoker","adeno",1,5,1
"139",37,0,"female","non-smoker","large",4,71,0
"140",80,0,"male","non-smoker","large",1,120,0
"141",73,0,"male","non-smoker","adeno",5,7,1
"142",61,1,"male","smoker","squamous",4,8,0
"143",60,1,"female","smoker","smallcell",3,74,1
"144",63,1,"male","smoker","squamous",7,35,1
"145",71,0,"male","smoker","squamous",1,12,1
"146",54,0,"male","smoker","large",2,51,1
"147",60,1,"male","non-smoker","large",4,62,1
"148",55,1,"male","non-smoker","squamous",5,7,0
"149",74,1,"male","non-smoker","squamous",3,31,1
"150",57,1,"male","non-smoker","adeno",3,27,1
"151",75,1,"female","non-smoker","smallcell",3,10,0
"152",50,1,"female","smoker","adeno",6,17,1
"153",55,0,"female","non-smoker","large",1,31,1
"154",53,0,"male","smoker","smallcell",4,1,1
"155",68,1,"male","non-smoker","adeno",3,0,1
"156",78,0,"male","smoker","adeno",8,9,1
"157",74,0,"female","smoker","squamous",4,18,1
"158",42,0,"male","smoker","large",3,7,1
"159",55,1,"female","smoker","adeno",1,1,1
"160",50,0,"female","smoker","large",6,8,1
"161",60,0,"female","non-smoker","squamous",5,2,1
"162",59,1,"female","smoker","adeno",1,91,1
"163",58,1,"female","smoker","smallcell",4,62,1
"164",59,0,"male","smoker","adeno",0,48,1
"165",68,1,"male","smoker","smallcell",8,74,1
"166",79,1,"male","smoker","squamous",7,28,1
"167",67,1,"female","non-smoker","smallcell",3,120,0
"168",86,0,"female","smoker","large",6,2,1
"169",59,1,"female","smoker","squamous",8,38,1
"170",55,1,"male","smoker","smallcell",2,59,1
"171",56,0,"female","smoker","large",3,5,1
"172",66,1,"male","smoker","squamous",4,42,1
"173",62,1,"male","smoker","smallcell",6,108,1
"174",63,1,"female","non-smoker","large",5,38,1
"175",65,1,"female","smoker","large",4,120,0
"176",64,0,"female","smoker","squamous",4,22,1
"177",71,0,"female","smoker","squamous",7,6,1
"178",53,1,"female","smoker","large",6,31,1
"179",52,0,"female","non-smoker","smallcell",2,89,1
"180",53,0,"female","non-smoker","squamous",6,58,1
"181",61,1,"male","non-smoker","adeno",4,6,1
"182",52,1,"female","smoker","smallcell",4,4,1
"183",55,1,"female","smoker","smallcell",6,14,1
"184",65,1,"male","smoker","adeno",4,5,1
"185",61,1,"male","smoker","large",4,55,0
"186",52,0,"female","smoker","smallcell",6,7,1
"187",68,1,"male","non-smoker","large",1,120,0
"188",48,1,"male","smoker","adeno",3,46,1
"189",61,1,"female","non-smoker","smallcell",4,14,0
"190",65,1,"male","non-smoker","smallcell",5,58,1
"191",64,0,"female","smoker","squamous",4,37,1
"192",57,1,"female","smoker","smallcell",3,55,1
"193",71,1,"male","non-smoker","squamous",5,10,1
"194",56,0,"female","smoker","smallcell",5,60,1
"195",58,0,"male","smoker","large",5,93,0
"196",51,1,"female","smoker","large",3,21,1
"197",63,0,"male","non-smoker","smallcell",5,3,0
"198",71,0,"male","smoker","smallcell",3,56,0
"199",61,0,"male","non-smoker","smallcell",5,52,0
"200",64,1,"male","smoker","smallcell",4,17,1
"201",60,0,"male","smoker","squamous",6,0,1
"202",48,1,"male","smoker","smallcell",2,74,0
"203",63,0,"female","non-smoker","squamous",4,5,0
"204",81,1,"female","smoker","smallcell",3,67,1
"205",62,1,"female","non-smoker","large",4,83,1
"206",77,1,"female","smoker","adeno",3,41,1
"207",56,1,"male","non-smoker","large",4,8,0
"208",70,0,"female","non-smoker","large",2,84,0
"209",68,0,"male","smoker","large",4,101,1
"210",80,0,"female","smoker","squamous",6,6,1
"211",67,0,"female","smoker","adeno",5,0,1
"212",60,1,"male","non-smoker","smallcell",6,26,1
"213",57,1,"female","smoker","large",8,103,0
"214",49,1,"female","smoker","smallcell",6,47,0
"215",63,0,"female","smoker","large",4,98,1
"216",62,1,"female","smoker","squamous",10,30,1
"217",49,1,"female","non-smoker","smallcell",2,16,1
"218",81,1,"male","non-smoker","adeno",2,11,1
"219",57,0,"female","smoker","adeno",2,9,1
"220",71,1,"female","smoker","squamous",2,42,1
"221",50,1,"female","non-smoker","large",3,9,1
"222",65,1,"female","non-smoker","smallcell",4,10,0
"223",52,0,"male","smoker","large",3,85,1
"224",50,0,"male","smoker","squamous",0,90,1
"225",53,1,"female","non-smoker","squamous",3,38,0
"226",57,0,"female","smoker","large",6,24,1
"227",50,0,"male","smoker","squamous",2,7,1
"228",76,1,"female","non-smoker","squamous",6,5,0
"229",43,0,"male","smoker","squamous",4,33,1
"230",42,0,"female","smoker","squamous",4,14,0
"231",50,0,"male","smoker","squamous",6,1,1
"232",67,1,"female","smoker","adeno",2,34,1
"233",67,0,"male","smoker","smallcell",4,1,1
"234",74,0,"female","smoker","smallcell",4,44,1
"235",59,0,"male","smoker","large",0,100,0
"236",54,1,"male","non-smoker","squamous",4,6,1
"237",65,0,"female","smoker","large",3,13,1
"238",53,1,"female","non-smoker","smallcell",7,94,1
"239",49,1,"male","smoker","large",6,29,1
"240",55,1,"male","smoker","smallcell",1,11,0
"241",45,0,"male","non-smoker","smallcell",5,26,1
"242",70,0,"male","smoker","squamous",3,8,1
"243",45,1,"female","smoker","smallcell",6,18,1
"244",46,1,"female","smoker","smallcell",4,120,0
"245",63,0,"male","non-smoker","squamous",5,4,1
"246",54,0,"male","smoker","adeno",6,1,1
"247",60,0,"male","non-smoker","smallcell",3,48,1
"248",62,0,"female","non-smoker","squamous",3,10,1
"249",65,1,"female","smoker","large",5,101,1
"250",71,0,"male","non-smoker","smallcell",3,47,1
"251",60,1,"female","non-smoker","smallcell",4,7,1
"252",51,1,"female","non-smoker","adeno",1,45,1
"253",68,0,"male","non-smoker","adeno",3,9,1
"254",35,1,"male","smoker","smallcell",5,22,1
"255",60,1,"female","non-smoker","large",0,39,1
"256",57,1,"female","smoker","squamous",3,22,1
"257",56,1,"female","smoker","adeno",4,30,0
"258",56,0,"male","smoker","squamous",5,28,1
"259",83,0,"female","smoker","squamous",5,31,1
"260",57,0,"male","smoker","squamous",3,2,1
"261",68,0,"female","smoker","adeno",8,1,1
"262",46,0,"male","smoker","smallcell",7,27,0
"263",77,1,"male","non-smoker","adeno",5,13,1
"264",62,1,"female","smoker","adeno",2,10,0
"265",60,0,"male","smoker","smallcell",5,61,1
"266",73,0,"female","smoker","smallcell",5,120,0
"267",47,1,"male","non-smoker","large",5,12,1
"268",54,0,"male","smoker","squamous",3,15,1
"269",62,1,"female","non-smoker","adeno",5,11,1
"270",76,1,"female","non-smoker","smallcell",3,120,0
"271",53,0,"male","smoker","squamous",4,111,1
"272",65,0,"female","smoker","squamous",4,83,1
"273",72,0,"female","smoker","large",5,27,0
"274",51,1,"male","smoker","smallcell",3,10,0
"275",55,1,"female","smoker","smallcell",3,120,0
"276",72,1,"female","smoker","adeno",7,8,1
"277",58,1,"female","smoker","smallcell",3,40,1
"278",42,0,"female","non-smoker","squamous",3,76,1
"279",41,1,"female","smoker","large",6,120,0
"280",54,0,"male","smoker","large",6,35,1
"281",61,1,"male","non-smoker","squamous",1,24,1
"282",70,1,"female","smoker","smallcell",7,11,1
"283",57,1,"female","smoker","smallcell",3,21,1
"284",54,1,"female","smoker","adeno",5,72,0
"285",65,1,"female","non-smoker","large",2,88,1
"286",52,0,"female","smoker","squamous",6,24,1
"287",56,1,"male","non-smoker","squamous",4,7,1
"288",68,0,"male","smoker","squamous",3,52,1
"289",67,1,"female","non-smoker","large",1,40,0
"290",56,0,"female","smoker","squamous",2,8,1
"291",68,1,"male","non-smoker","adeno",1,7,0
"292",58,0,"male","smoker","smallcell",4,8,0
"293",81,1,"female","smoker","squamous",3,104,1
"294",51,0,"female","smoker","smallcell",2,91,1
"295",45,0,"male","smoker","smallcell",3,84,0
"296",73,1,"male","smoker","smallcell",4,79,1
"297",65,1,"male","non-smoker","smallcell",5,22,0
"298",71,1,"male","smoker","squamous",2,55,1
"299",70,1,"female","smoker","large",2,55,1
"300",44,0,"female","smoker","squamous",7,41,1
